{
    "accuracy": 0.91014373118384,
    "precision": 0.6659597030752916,
    "recall": 0.4060344827586207,
    "f1_score": 0.5044852055161334
}